"","X1_28_Q_NT","X10_99_Q_TNF","X15_94_AM_TNF","X17_3_Q_IS","X1_28_Q_NT.1","X6_24_AM_NT","X42_2","X2_57_Q_NT","X7_91_AM_NT","X11_100_Q_TNF","X4_80_Q_NT","X8_47_Q_TNF","X18_7_Q_IS","X9_23_Q_TNF","X12_54_AM_TNF","X41_96_AS_Cort","X5_82_AM_NT","X19_83_Q_IS","X40_44_AS_Cort","X39_93_AS_Cort","X38_90_AS_Cort","X20_84_Q_IS","X21_1_Q_5ASA","X37_55_AM_TNF_RCH","X36_55_AM_TNF_RCH","X35_68_AM_TNF_RCH","X32_20_AM_5ASA","X22_1_Q_5ASA","X31_20_AM_5ASA","X23_21_Q_5ASA","X29_85_AM_5ASA","X46_50","X45_41","X44_18","X28_85_AM_5ASA","X27_49_AM_5ASA","X26_49_AM_5ASA","X24_22_Q_5ASA","X43_9","X15B","X16B","X17B","X18B","X19B","X1A","X1B","X20B","X21B","X22B","X23B","X24B","X25B","X2A","X2B","X3A","X3B","X4A","X5A","X5B","X6A","X6B","X7B","X8B"
"ENSG00000119630",41,37,102,81,41,50,47,68,78,37,39,41,57,125,559,64,148,52,128,135,144,45,60,36,70,60,64,44,41,110,58,142,53,119,54,81,126,78,131,0,0,0,0,0,0,0,0,0,0,0,0,0,0,0,0,0,0,0,0,0,0,0,0
"ENSG00000204936",2092.49102473346,2703.12203586628,-917.855243113101,952.000300236724,2092.49102473346,4046.34871776294,21471.9484984235,2346.11289972778,3841.99733440764,96.632256864169,-799.121435392831,10358.6256384018,19326.6628296817,-581.846644394515,1456.0131983146,-547.114986353892,2486.65495784565,1855.02340929292,-666.65650705185,-467.959114540379,57.0543209574121,5068.10563453941,-875.046455295589,-555.192116130781,5624.61987616707,603.876006852804,-324.186204511753,-895.239279737812,528.758699927736,177.40355463306,290.483371509507,834.074205494143,4005.1553559008,4944.525548953,8247.26391472295,1701.55794353203,-343.571315976287,4236.16126751983,-809.621704102788,2760.50532125826,2760.50532125826,2760.50532125826,2760.50532125826,2760.50532125826,2760.50532125826,2760.50532125826,2760.50532125826,2760.50532125826,2760.50532125826,2989.81381921963,2760.50532125826,2760.50532125826,2760.50532125826,2760.50532125826,2760.50532125826,2760.50532125826,2760.50532125826,2760.50532125826,2760.50532125826,2760.50532125826,2760.50532125826,2760.50532125826,2760.50532125826
"ENSG00000036448",4.26491906424946,0.529606090337053,13.6032014990305,19.2061709598991,4.26491906424946,2.39726257729325,7.06640379468376,32.2797663685925,12.6693732555524,8.93406028163997,5.19874730772756,39.7503923164173,62.1622701598918,40.6842205598954,8.00023203816187,-3.20570688357535,13.6032014990305,30.4121098816363,2.39726257729325,13.6032014990305,22.0076556903334,7.06640379468376,14.5370297425086,-1.33805039661915,18.272342716421,10.8017167685962,4.26491906424946,11.7355450120743,0.529606090337053,46.287190020764,0.529606090337053,23.8753121772896,14.5370297425086,34.1474228555487,36.948907585983,8.93406028163997,9.86788852511807,18.272342716421,37.8827358294611,96.9246870054822,12.4205344012009,12.4205344012009,12.4205344012009,12.4205344012009,12.4205344012009,12.4205344012009,12.4205344012009,12.4205344012009,12.4205344012009,12.4205344012009,12.4205344012009,12.4205344012009,12.4205344012009,12.4205344012009,12.4205344012009,12.4205344012009,12.4205344012009,12.4205344012009,12.4205344012009,12.4205344012009,12.4205344012009,12.4205344012009,12.4205344012009
"ENSG00000211896",-10589.2294739931,-10749.7204188458,25880.1199040985,-9415.79065610004,-10589.2294739931,-9394.82198993837,-8003.63163882807,-10981.1822337842,-6547.11582775259,-10837.6275192928,-7370.53921817787,-9095.61525355465,-9926.29702842051,-7473.76957466606,472621.584914119,16203.8869576513,9889.09249435059,-9551.28049899077,125961.950519394,63206.765133338,5507.44775372318,-10235.9880978851,-10884.4037745765,-9838.38992797354,-8206.05991600412,325.767750312338,-9440.79175806202,-9809.35639021124,-9123.84230415689,-7154.40065928074,30419.8361280984,-10329.5406084525,-10145.6615359579,-8072.1830474335,-9189.97425128213,-9218.20130188437,13654.5810446891,-10216.6324060435,-9362.56250353581,19665.7828354585,19665.7828354585,19665.7828354585,19665.7828354585,19665.7828354585,19665.7828354585,19665.7828354585,19665.7828354585,19665.7828354585,19665.7828354585,19665.7828354585,19665.7828354585,19665.7828354585,19665.7828354585,19665.7828354585,19665.7828354585,19699.9319892009,19665.7828354585,19665.7828354585,19665.7828354585,19665.7828354585,19665.7828354585,19665.7828354585,19665.7828354585
"ENSG00000146122",287.400846223721,54.0148503673954,108.498689121311,1015.20734898125,287.400846223721,231.29062422342,405.313631586673,449.225979239083,242.675306948119,128.015288077938,41.0037843963109,128.82847970113,671.22729237071,684.238358341794,258.939139411974,69.465491208058,286.587654600528,376.038733151733,110.125072367697,910.305629589385,521.60003370324,147.531887034564,625.688561471914,140.213162425829,331.313193876131,106.872305874926,184.938701701432,527.292375065589,272.763397006251,1068.87799611198,281.708504861372,568.76514784842,265.444672397516,874.525198168903,537.863866167095,388.236607499625,202.01572578848,764.744329037879,1198.98865582282,301.76312140993,301.76312140993,301.76312140993,301.76312140993,301.76312140993,301.76312140993,387.384215901552,693.173839085917,1466.82158574236,301.76312140993,301.76312140993,301.76312140993,301.76312140993,301.76312140993,301.76312140993,301.76312140993,301.76312140993,301.76312140993,301.76312140993,301.76312140993,301.76312140993,301.76312140993,301.76312140993,301.76312140993
"ENSG00000100985",-490.144328858928,-446.603336254877,-298.241435529964,-382.098162026654,-490.144328858928,-316.786673120579,-220.028911778244,-316.786673120579,563.708955094665,-503.851678382425,291.174593980423,-317.592987798432,-346.620316201132,-440.959133509908,24175.8279813357,454.050158906686,1867.51978918262,-353.877148301807,460.500676329508,840.274889598171,-189.388954019838,-374.841329925979,-423.220210597147,-390.967623483035,-267.601477771559,-416.769693174324,-115.208003657382,-264.376219060147,-432.89598673138,-292.597232784995,289.561964624717,-248.249925503092,-477.243294013283,-204.708932899041,-238.574149368858,-313.561414409167,272.629356389809,-421.607581241441,-11.1934102143724,859.280638586978,859.280638586978,859.280638586978,859.280638586978,859.280638586978,859.280638586978,859.280638586978,859.280638586978,859.280638586978,859.280638586978,859.280638586978,859.280638586978,859.280638586978,859.280638586978,859.280638586978,859.280638586978,859.280638586978,859.280638586978,859.280638586978,859.280638586978,908.064073779083,859.280638586978,859.280638586978,859.280638586978
"ENSG00000183762",1222.99678492518,-151.625818878639,89.7571348217491,1126.05583966398,1222.99678492518,901.152846657993,901.152846657993,1061.10540633897,851.712964574781,-239.842079066331,-76.0118815749028,383.488198963185,715.026231756489,1844.38824404947,2598.5887981816,65.5218985064491,1136.71934364271,873.039972532245,335.017726332585,708.240365588205,1762.95785003006,1212.33328094645,437.775128309457,236.137962166161,1296.67190332369,11.2349691601772,415.478710899381,458.132726814309,268.128474102357,1841.48001569163,398.029340752365,1827.90828335506,962.225642172549,1399.42930530056,1288.91662770279,1100.85119389606,256.495560671013,927.326901878517,838.141232238213,679.162089028915,676.413167173801,579.284594959771,578.368287674733,593.029204235342,4304.0737086393,578.368287674733,578.368287674733,579.284594959771,578.368287674733,580.200902244809,821.189718209807,587.531360525114,578.368287674733,842.264785765682,581.117209529848,578.368287674733,579.284594959771,811.110338074389,653.50548504785,1119.9058931322,578.368287674733,823.938640064921,593.029204235342
"ENSG00000244734",853,75,3051,277,853,2005,548,552,1370,41,737,2568,645,3080,1872,2246,1622,507,673,3747,641,357,1276,1846,4716,763,1586,538,2998,352,431,993,237,1822,2098,1646,1100,1297,343,0,0,0,0,0,0,0,0,0,0,0,0,0,0,0,0,0,0,0,0,0,0,0,0
"ENSG00000076864",1031.35726245353,184.86485923261,830.80624885726,2006.53656606539,1031.35726245353,906.012878955861,415.498524868319,308.537984283642,1277.86788333228,93.7812738909707,321.072422633409,420.512300208226,568.418672735474,488.198267296966,-90.8927844622606,6.04020544260288,513.2671439965,38.6297451519966,85.4249816577927,150.60406107658,1254.47026507938,595.994437104961,375.388322149065,504.910851763322,664.51603341702,265.920893894435,367.867659139205,814.093664390904,461.458132150797,1279.53914177891,365.360771469252,1032.19289167685,588.473774095101,656.159741183842,1099.04322954227,732.202000505761,514.102773219818,505.74648098664,562.56926817225,1224.39764478077,624.589545431552,288.69700979599,286.851446413377,286.851446413377,286.851446413377,667.037503231651,288.69700979599,720.558841327427,286.851446413377,2012.45320915651,286.851446413377,742.705601918783,499.09123541387,1189.33194051112,286.851446413377,419.732009961512,286.851446413377,286.851446413377,779.616869571042,286.851446413377,761.161235744913,286.851446413377,388.357432457091
"ENSG00000154165",193,31,42,483,193,58,313,389,246,102,12,315,302,1489,173,34,643,454,69,229,75,98,131,126,592,126,238,155,112,483,372,697,125,916,320,90,61,274,329,0,0,0,0,0,0,0,0,0,0,0,0,0,0,0,0,0,0,0,0,0,0,0,0
"ENSG00000183019",-16.1030933249508,-16.9100448306571,-6.41967525647516,-16.9100448306571,-16.1030933249508,-8.84052977359406,-16.9100448306571,-16.9100448306571,-15.2961418192445,-16.9100448306571,-16.9100448306571,-16.9100448306571,-16.9100448306571,-14.4891903135382,748.079982578917,86.3797478997496,188.055637618744,-15.2961418192445,75.0824268198613,82.344990371218,-6.41967525647516,-15.2961418192445,-16.9100448306571,-16.9100448306571,-14.4891903135382,-12.8752873021256,-0.771014716531042,-16.9100448306571,-16.1030933249508,-16.1030933249508,-0.771014716531042,-16.9100448306571,-16.9100448306571,-16.1030933249508,-16.9100448306571,-16.1030933249508,-9.64748127930037,-15.2961418192445,-16.9100448306571,20.4023599922208,20.4023599922208,20.4023599922208,20.4023599922208,20.4023599922208,20.4023599922208,20.4023599922208,20.4023599922208,20.4023599922208,20.4023599922208,20.4023599922208,20.4023599922208,20.4023599922208,248.549712523846,20.4023599922208,20.4023599922208,20.4023599922208,20.4023599922208,20.4023599922208,20.4023599922208,20.4023599922208,20.4023599922208,20.4023599922208,20.4023599922208
"ENSG00000150045",3,1,16,11,3,7,20,24,16,1,10,29,16,28,30,7,30,11,9,15,12,5,15,5,58,28,8,12,8,26,11,12,14,20,7,13,10,12,12,0,0,0,0,0,0,0,0,0,0,0,0,0,0,0,0,0,0,0,0,0,0,0,0
"ENSG00000114948",33,48,94,52,33,21,63,47,93,35,36,36,69,138,107,35,104,42,60,76,116,35,40,39,46,43,37,70,33,125,58,71,36,113,120,68,80,74,147,0,0,0,0,0,0,0,0,0,0,0,0,0,0,0,0,0,0,0,0,0,0,0,0
"ENSG00000162551",-77.072556847543,-91.6207793745961,103.163755570948,-28.5784817573659,-77.072556847543,-39.8937659450739,-82.730198941397,-60.9078651508173,-35.8525930208925,-91.6207793745961,-76.2643222627067,-85.1549026959058,-68.1819764143439,-14.8384938151491,4586.44099765782,240.563634993117,1087.59347990154,-82.730198941397,322.195328061581,269.660080047223,-8.37261713645884,-79.4972606020519,-73.0313839233616,-81.1137297717244,-65.757272659835,-67.3737418295076,-13.2220246454765,-54.441988472127,-64.9490380749988,12.6414820692846,29.6144083508465,-73.8396185081979,-86.7713718655784,-52.8255193024545,-81.9219643565607,-68.9902109991801,-23.7290742483482,-29.3867163422022,33.6555812750279,100.150408459523,100.150408459523,100.150408459523,100.150408459523,100.150408459523,104.249267982024,100.150408459523,100.150408459523,100.150408459523,100.150408459523,100.150408459523,100.150408459523,100.150408459523,2198.7664839799,100.150408459523,100.150408459523,100.150408459523,100.150408459523,100.150408459523,337.884260764566,100.150408459523,100.150408459523,100.150408459523,100.150408459523
"ENSG00000198892",17.6178272557846,-3.50016692912824,7.48119004702645,20.9967063253707,17.6178272557846,17.6178272557846,22.6861458601637,15.9283877209916,10.015349349216,-0.121287859542186,4.10231097744039,4.10231097744039,20.1519865579742,39.580541208094,108.002842367212,8.32590981442296,35.3569423711114,15.9283877209916,9.17062958181948,53.9407772538348,45.4935795798696,15.9283877209916,4.9470307448369,-0.966007626938701,25.2203051623533,4.9470307448369,5.79175051223342,16.7731074883881,5.79175051223342,41.269980742887,16.7731074883881,21.8414260927672,0.72343190785433,32.8227830689219,19.3072667905777,9.17062958181948,6.63647027962993,28.5991842319393,30.2886237667323,14.5773163938635,14.5773163938635,14.5773163938635,14.5773163938635,14.5773163938635,14.5773163938635,14.5773163938635,14.5773163938635,14.5773163938635,14.5773163938635,14.5773163938635,14.5773163938635,14.5773163938635,112.317797931669,14.5773163938635,14.5773163938635,14.5773163938635,14.5773163938635,14.5773163938635,14.5773163938635,14.5773163938635,14.5773163938635,14.5773163938635,14.5773163938635
"ENSG00000158089",-4.93214678199269,2.52023442426487,120.826786073604,-4.93214678199269,-4.93214678199269,0.657139122700475,0.657139122700475,-2.13750382964611,4.38332972582926,-4.93214678199269,5.31487737661145,2.52023442426487,-0.274408528081718,23.0142827414732,223.297027659645,24.8773780430375,77.0440464868405,0.657139122700475,27.6720209953841,36.0559498524239,13.6988062336512,-4.0005991312105,-3.0690514804283,-1.20595617886391,1.58868677348267,12.767258582869,-0.274408528081718,5.31487737661145,-1.20595617886391,1.58868677348267,32.3297592492951,-4.0005991312105,-2.13750382964611,-3.0690514804283,-1.20595617886391,1.58868677348267,4.38332972582926,-3.0690514804283,22.082735090691,8.03628556653275,8.03628556653275,8.03628556653275,8.03628556653275,8.03628556653275,16.0458517869851,101.147492879292,8.03628556653275,8.03628556653275,8.03628556653275,8.03628556653275,8.03628556653275,8.03628556653275,8.03628556653275,8.03628556653275,216.285007298294,8.03628556653275,8.03628556653275,8.03628556653275,8.03628556653275,8.03628556653275,8.03628556653275,8.03628556653275,84.1271646608303
"ENSG00000163221",0,0,81,0,0,20,0,0,0,0,3,1,0,3,1779,145,672,0,188,332,3,1,0,2,2,1,32,0,1,2,30,1,0,0,0,0,18,0,2,0,0,0,0,0,0,0,0,0,0,0,0,0,0,0,0,0,0,0,0,0,0,0,0
"ENSG00000178814",415.567005691525,572.412351762558,248.211404471402,915.20836585595,415.567005691525,428.502704336559,711.47111219667,335.527370325379,593.432862060738,130.17315433547,33.1554144977178,260.338621951121,520.669557182423,134.215560162043,62.2607364490436,7.28401720765055,267.614952438953,571.603870597243,153.619108129594,466.501319106345,579.688682250389,856.997721953298,418.800930352783,117.237455690437,529.562850000884,130.981635500785,379.185353252368,367.866616937963,323.40015284566,510.159302033334,153.619108129594,726.023773172332,387.270164905514,346.037625474469,618.49577818549,500.457528049558,93.791501896313,356.547880623559,267.614952438953,322.465896511626,282.354710413706,282.354710413706,469.540245537332,282.354710413706,282.354710413706,282.354710413706,282.354710413706,556.447815416158,282.354710413706,1071.20803700613,282.354710413706,282.354710413706,282.354710413706,429.429059439412,282.354710413706,282.354710413706,282.354710413706,282.354710413706,285.6973092552,282.354710413706,282.354710413706,282.354710413706,282.354710413706
"ENSG00000106070",98.3930670458459,41.8727699275169,326.648113100636,267.953958400833,98.3930670458459,263.606243237885,236.433023469457,160.348008117861,227.737593143561,17.9603365313008,56.0028442070991,97.3061382551088,282.084032680415,303.822608495157,442.949493709506,156.000292954912,400.559270870759,199.477444584396,357.082119241275,938.589022285622,865.764793306237,252.736955330514,426.645561848449,148.391791419752,250.56309774904,144.044076256804,291.866391797049,335.343543426533,137.522503512381,459.253425570562,299.474893332209,445.12335129098,183.17351272334,264.693172028622,447.297208872454,233.172237097246,230.998379515772,332.082757054322,397.298484498548,199.648733445414,176.820448941013,175.298563307386,1299.97204655753,595.338998188361,175.298563307386,175.298563307386,175.298563307386,175.298563307386,175.298563307386,496.416432002624,310.746384700164,685.891193389151,198.8877906286,626.537653677709,175.298563307386,177.581391757826,175.298563307386,175.298563307386,178.34233457464,176.0595061242,176.820448941013,175.298563307386,175.298563307386
"ENSG00000211895",9167.75409990776,-6867.91003193922,4545.60989497691,38504.913130295,9167.75409990776,-1764.07358253578,17000.9105318346,20000.172141294,26696.1792645415,5744.18304691125,-1561.21325810185,15573.6143846222,217.653570898463,59550.6615297353,155083.326585766,13397.9171998567,63944.8909478519,20883.5439923151,55983.2293701681,167786.747221035,30368.6785244131,6867.59281170472,-4965.38730796524,-5608.72124521387,29964.574292473,19028.70556771,12560.6132312768,-3099.23396486586,4659.56728838402,19276.0173576574,118608.070402389,21521.2204703166,5633.45848735966,59036.6409467075,21717.6151270394,-4129.69975631311,5758.73079926109,10614.4472502533,8850.12817360284,21882.3462088474,27797.2690422388,21686.2714187902,21686.2714187902,21714.2821030841,26434.0824066032,42563.5681124969,21690.9398661725,22008.3942881698,21802.982603348,21714.2821030841,21700.2767609371,21695.6083135548,48039.6568919509,21999.0573934052,21709.6136557018,28063.3705430307,21690.9398661725,21686.2714187902,21686.2714187902,74070.9194957319,21695.6083135548,23390.2547133347,21966.378261729
"ENSG00000118520",0,1,6,0,0,1,4,0,0,0,0,1,1,1,80,15,22,0,26,81,2,1,0,0,4,0,0,1,0,1,1,3,4,2,1,0,2,0,0,0,0,0,0,0,0,0,0,0,0,0,0,0,0,0,0,0,0,0,0,0,0,0,0
"ENSG00000137267",45.65997260163,10.1677718666397,41.6267679726538,276.359277379067,45.65997260163,84.3787370398012,72.2791231528727,95.6717100009344,61.7927911175346,3.71464446027787,-9.19161035244586,22.2673857535682,55.3396637111728,104.544760184682,40.8201270468586,31.947076863111,58.5662274143537,66.632636672306,51.3064590821966,205.374875909086,285.232327562814,94.8650690751392,190.855339244772,56.9529455627632,140.036960919672,27.9138722341348,110.191246665249,347.343678849047,63.4060729691251,243.286999421462,114.224451294225,52.1131000079918,56.9529455627632,80.345532410825,40.8201270468586,98.0916327783201,60.1795092659442,112.611169442634,158.589702212963,85.3572616352518,85.3572616352518,85.3572616352518,95.0805253957142,85.3572616352518,85.3572616352518,85.3572616352518,85.3572616352518,85.3572616352518,85.3572616352518,109.665421036408,85.3572616352518,85.3572616352518,85.3572616352518,109.665421036408,85.3572616352518,85.3572616352518,85.3572616352518,85.3572616352518,85.3572616352518,85.3572616352518,85.3572616352518,85.3572616352518,90.218893515483
"ENSG00000211649",80.5568735527142,-99.5797441709401,804.33449454103,419.019845867563,80.5568735527142,-88.2707188429978,213.034027394326,112.868374489693,85.403598693261,70.0556357481963,-36.5723173438323,356.012419040455,0.585908733692861,536.956824287534,3310.89917972713,39.3597098580668,1193.68808083162,490.105147928915,31.2818346238222,1100.79251563781,274.425879174584,7.04820892108847,-79.3850560853286,-96.3485940772423,354.396843993606,134.678637622153,119.330674677088,-71.3071808510841,-12.3386916410986,196.878276925836,237.267653097059,133.870850098729,-50.3047052420481,473.141609937001,472.333822413577,-87.4629313195733,127.408549911333,-29.3022296330122,-10.7231165942496,271.900137235831,271.900137235831,271.900137235831,271.900137235831,276.673673641894,271.900137235831,271.900137235831,271.900137235831,271.900137235831,271.900137235831,271.900137235831,271.900137235831,271.900137235831,887.686333617854,271.900137235831,271.900137235831,271.900137235831,271.900137235831,271.900137235831,271.900137235831,271.900137235831,271.900137235831,271.900137235831,271.900137235831
"ENSG00000170525",17.4441490296234,65.3418736763203,466.383839362224,219.588783555514,17.4441490296234,446.900019166958,272.357463251028,87.2611713959952,481.808530350144,-133.555457483693,-20.7116655194404,-60.4911317514432,121.357856737712,747.275580510651,8868.78129857094,813.845299511145,5438.81711836255,24.7505816028482,2116.01394922813,1426.77380982057,1026.54366997614,237.448952067842,192.798530787023,-22.3353172023793,181.43296900645,105.933165749792,604.394232412029,420.921592239936,40.1752725907676,354.351873239441,1368.32234923477,246.379036324006,22.3151040784401,246.379036324006,278.040244141314,225.2715644458,1322.04827627102,285.346676714539,241.508081275189,379.366653067767,375.902200639867,375.902200639867,375.902200639867,375.902200639867,375.902200639867,375.902200639867,375.902200639867,375.902200639867,375.902200639867,379.366653067767,375.902200639867,382.831105495667,3698.31207899575,1044.54151922452,379.366653067767,375.902200639867,375.902200639867,375.902200639867,375.902200639867,375.902200639867,4994.01728703026,379.366653067767,2631.26073120262
"ENSG00000184226",110,60,90,101,110,88,270,184,179,46,144,176,541,354,132,94,239,150,64,220,251,87,276,111,230,347,86,338,140,256,200,386,287,465,525,176,110,233,327,0,0,0,0,0,0,0,0,0,0,0,0,0,0,0,0,0,0,0,0,0,0,0,0
"ENSG00000000971",1152,139,2221,1132,1152,619,1289,1132,1275,138,735,1148,1755,7206,8485,2061,2052,1017,2528,2625,3047,461,1160,861,2032,2339,741,1211,1193,3514,2530,812,853,5785,1875,497,2380,1201,3225,0,0,0,0,0,0,0,0,0,0,0,0,0,0,0,0,0,0,0,0,0,0,0,0
"ENSG00000156414",24,3,15,7,24,4,28,17,12,2,25,16,11,19,375,10,146,22,16,80,18,4,1,5,8,23,13,7,9,17,37,14,12,35,7,15,15,34,15,0,0,0,0,0,0,0,0,0,0,0,0,0,0,0,0,0,0,0,0,0,0,0,0
"ENSG00000138772",222.623471366696,-92.0955386945244,299.482869710696,2548.63157914564,222.623471366696,1093.96633469815,356.116110595748,804.32775988602,237.995351035496,-158.437335159872,33.3066375509489,302.719054904127,487.181610929727,3918.34696226555,1013.87075116071,598.020953804758,908.694732374188,248.512952914148,603.684277893263,1388.45918730042,832.644380328546,212.105869488043,2043.78668897031,1025.19739933772,532.488203637768,670.02607435861,1093.96633469815,1547.03226177857,974.227482541178,1295.41886298926,593.975722312968,142.527887829264,407.895073690653,576.176703749095,308.382378992632,654.65419468981,1386.03204840534,665.171796568463,2215.30450422218,816.094690528844,663.406672551324,663.406672551324,663.406672551324,663.406672551324,663.406672551324,663.406672551324,663.406672551324,663.406672551324,663.406672551324,663.406672551324,663.406672551324,663.406672551324,952.275895752038,671.660078928487,663.406672551324,828.474800094589,663.406672551324,663.406672551324,663.406672551324,663.406672551324,2817.54573699093,663.406672551324,663.406672551324
"ENSG00000102010",141,14,36,86,141,33,182,162,42,14,56,151,93,123,116,38,97,106,28,61,106,106,66,76,160,91,42,74,103,112,54,81,111,422,147,154,64,138,131,0,0,0,0,0,0,0,0,0,0,0,0,0,0,0,0,0,0,0,0,0,0,0,0
"ENSG00000112053",35,22,79,78,35,80,54,49,64,12,26,39,71,57,229,53,137,43,51,63,39,43,44,38,52,53,41,49,56,56,50,65,35,71,69,59,51,64,47,0,0,0,0,0,0,0,0,0,0,0,0,0,0,0,0,0,0,0,0,0,0,0,0
"ENSG00000257017",10,1,38,24,10,18,20,5,14,0,62,12,9,21,115,19,70,12,28,37,21,17,24,17,10,29,13,9,20,25,14,20,10,12,19,19,14,25,22,0,0,0,0,0,0,0,0,0,0,0,0,0,0,0,0,0,0,0,0,0,0,0,0
"ENSG00000133742",21192.8845203221,824.439121122684,-2526.27717932861,9280.39337211693,21192.8845203221,18613.608448157,23565.3661438577,17579.6362050091,8756.13713320832,-1640.13065531822,-1834.00045090846,24817.4419070446,63229.5107399906,-2354.21773574227,-2738.72616366291,-2617.55754141901,5869.90055135864,1677.46622171973,-2741.95732692275,-2468.92403146649,5512.04922033166,12774.088646816,3034.5547908514,-55.2450763680226,42173.6353572607,-1656.28647161741,-2301.71133276992,7359.46681414365,7243.1449367895,2267.15351664004,-1701.52275725513,8370.82091447272,18185.4793162286,20569.2700111735,21168.6507958734,-1092.4484827758,-2108.64932799463,3957.05190153496,163.666234485954,8831.65944203561,8831.65944203561,8831.65944203561,8831.65944203561,8831.65944203561,8831.65944203561,9295.16851819672,8831.65944203561,8831.65944203561,8836.53848494257,8831.65944203561,8831.65944203561,8831.65944203561,8831.65944203561,8831.65944203561,8831.65944203561,8831.65944203561,8831.65944203561,8831.65944203561,8924.36125726783,8831.65944203561,8831.65944203561,8831.65944203561,8895.08699982608
"ENSG00000163646",0,0,0,0,0,0,0,0,0,0,0,0,0,0,0,0,0,0,0,0,0,1,0,0,0,0,0,0,0,0,0,0,0,0,0,0,0,0,0,0,0,0,0,0,0,0,0,0,0,0,0,0,0,0,0,0,0,0,0,0,0,0,0
"ENSG00000211893",-4798.85406185501,-4827.07285393019,11984.8772132617,-3992.60285970692,-4798.85406185501,-4724.67895125738,-1642.38060544525,-4590.8412517008,-878.05446580886,-4933.49801261374,2853.27609773249,-1228.77373874328,-4584.39124208362,-3104.11403493973,231259.404159073,3975.57777112262,16160.4521891867,-3633.01482354888,-1326.3301342032,18947.6625950126,2638.8132779611,-4613.41628536095,-4463.4535617614,-4911.72923015574,-4269.95327324586,-1310.20511016023,-4731.93521207672,-1872.9684492596,-4781.9227866099,-3769.2712767119,-2663.90087856687,-3319.38310591327,-4699.68516399079,-4250.60324439431,-4193.35940904179,-4481.99733941081,-2900.13248079626,-4916.56673736863,-4409.43473121748,7866.99287825083,7866.99287825083,7866.99287825083,7866.99287825083,7866.99287825083,9525.56109139826,7866.99287825083,7871.8710200542,7866.99287825083,7866.99287825083,7866.99287825083,7866.99287825083,7866.99287825083,7866.99287825083,7866.99287825083,7871.8710200542,7866.99287825083,7866.99287825083,7866.99287825083,7866.99287825083,7866.99287825083,7866.99287825083,7866.99287825083,7866.99287825083
"ENSG00000160200",3,6,13,18,3,3,5,7,8,0,13,3,15,9,8,6,9,7,5,7,8,9,0,3,2,5,1,3,4,19,4,11,1,7,11,1,1,11,7,0,0,0,0,0,0,0,0,0,0,0,0,0,0,0,0,0,0,0,0,0,0,0,0
"ENSG00000186431",10.1129351334982,-12.537803207183,69.3533277168183,33.6348557180518,10.1129351334982,31.8924912303071,16.2112108406047,4.8858416702641,17.0823930844771,-16.8937144265448,17.0823930844771,14.46884635286,11.8552996212429,14.46884635286,896.976459395555,80.6786968871589,532.822281456911,4.8858416702641,106.81416420333,137.305542738862,35.3772202057965,20.5671220599665,2.27229493864702,-8.18189198782122,11.8552996212429,29.27894449869,25.7942155232006,1.40111269477467,9.24175288962587,26.665397767073,43.2178604006477,3.14347718251939,-5.56834525620417,20.5671220599665,17.9535753283494,31.0213089864347,36.2484024496689,18.8247575722218,29.27894449869,45.0599046222425,45.0599046222425,45.0599046222425,45.0599046222425,45.0599046222425,45.0599046222425,46.3739122063372,883.396743274634,45.0599046222425,45.0599046222425,45.0599046222425,45.0599046222425,45.0599046222425,45.0599046222425,47.6879197904318,45.0599046222425,45.0599046222425,45.0599046222425,45.0599046222425,45.0599046222425,45.0599046222425,45.0599046222425,45.0599046222425,45.0599046222425
"ENSG00000111796",62,51,201,182,62,113,374,145,196,76,109,235,185,569,238,44,347,173,124,107,85,130,123,74,344,370,189,175,147,495,350,188,69,371,229,104,117,200,333,0,0,0,0,0,0,0,0,0,0,0,0,0,0,0,0,0,0,0,0,0,0,0,0
"ENSG00000100721",2,62,5,0,2,0,19,1,31,16,88,38,0,7,149,13,105,0,20,37,18,13,4,13,3,30,1,33,3,7,28,30,1,57,14,38,20,5,83,0,0,0,0,0,0,0,0,0,0,0,0,0,0,0,0,0,0,0,0,0,0,0,0
"ENSG00000211598",3178,200,2444,6484,3178,574,2312,4309,5711,1021,2530,5412,1002,7839,70592,9509,29507,5491,14038,16597,4151,1404,400,306,4960,6061,6966,609,3587,4494,9333,3134,1062,10302,2538,458,5211,2713,1813,0,0,0,0,0,0,0,0,0,0,0,0,0,0,0,0,0,0,0,0,0,0,0,0
"ENSG00000232573",-0.108821503277331,-0.108821503277331,-0.108821503277331,-0.108821503277331,-0.108821503277331,-0.108821503277331,0.842946015684311,-0.108821503277331,1.79471353464595,-0.108821503277331,-0.108821503277331,-0.108821503277331,-0.108821503277331,-0.108821503277331,-0.108821503277331,-0.108821503277331,0.842946015684311,0.842946015684311,2.7464810536076,-0.108821503277331,-0.108821503277331,-0.108821503277331,0.842946015684311,-0.108821503277331,-0.108821503277331,-0.108821503277331,-0.108821503277331,-0.108821503277331,-0.108821503277331,-0.108821503277331,0.842946015684311,-0.108821503277331,-0.108821503277331,-0.108821503277331,-0.108821503277331,-0.108821503277331,-0.108821503277331,0.842946015684311,1.79471353464595,0.180135359420161,3.9723223102466,0.180135359420161,0.180135359420161,0.180135359420161,0.180135359420161,0.180135359420161,0.180135359420161,0.180135359420161,0.180135359420161,0.180135359420161,0.180135359420161,0.180135359420161,0.180135359420161,0.180135359420161,0.180135359420161,0.180135359420161,0.180135359420161,0.180135359420161,0.180135359420161,0.180135359420161,0.180135359420161,0.180135359420161,0.180135359420161
"ENSG00000144290",222.623632455877,-45.7386096096201,16.8792468723293,-33.5403258793702,222.623632455877,115.278735629678,20.9453414490793,768.293524655722,155.939681397178,-44.9253906942701,19.3189036183793,457.643898992025,100.640795153379,41.2758143328291,64.8591628779789,-38.4196393714702,157.566119227878,582.066393040574,-31.1006691333203,-15.6495097416704,-7.51732058817046,439.753082854325,11.1867144648794,-5.0776638421205,338.100718435576,51.034441317029,83.5631979310287,-29.4742313026202,26.6378738565292,57.5401926398289,36.3965008407291,1389.59277598312,206.359254148878,138.862084174828,295.813334837377,711.368200581223,-1.8247881807205,278.735737615027,120.158049121778,136.627627023655,136.627627023655,136.627627023655,136.627627023655,136.627627023655,136.627627023655,136.627627023655,136.627627023655,136.627627023655,136.627627023655,136.627627023655,136.627627023655,139.917029807561,136.627627023655,143.206432591466,136.627627023655,136.627627023655,136.627627023655,136.627627023655,1215.55174014465,136.627627023655,136.627627023655,136.627627023655,136.627627023655
"ENSG00000077984",-11.7209322594592,-13.799018247766,12.1770566060694,53.7387763722061,-11.7209322594592,5.94279864114888,29.8407875066775,20.4894005592967,48.543561401439,-10.6818892653058,10.0989706177626,-4.44763130038529,25.6846155300638,95.3004961383428,387.271577495453,122.315613986332,414.286695343442,3.86471265284205,119.198485003871,168.033505729082,4.90375564699546,9.05992762360914,1.78662666453522,-0.291459323771619,67.2463352962005,45.4264324189787,17.3722715768365,23.606529541757,12.1770566060694,22.5674865476036,40.2312174482117,10.0989706177626,-16.9161472302263,93.2224101500359,28.8017445125241,-12.7599752536126,11.138013611916,15.2941855885296,78.6758082318881,41.5951570081157,41.5951570081157,638.484774438366,41.5951570081157,41.5951570081157,41.5951570081157,56.0749590482026,41.5951570081157,41.5951570081157,41.5951570081157,41.5951570081157,41.5951570081157,41.5951570081157,41.5951570081157,41.5951570081157,41.5951570081157,41.5951570081157,41.5951570081157,41.5951570081157,41.5951570081157,41.5951570081157,41.5951570081157,41.5951570081157,41.5951570081157
"ENSG00000213088",85,44,326,90,85,115,131,125,134,50,80,62,113,256,792,125,223,88,248,225,573,78,70,92,162,111,61,103,83,213,204,113,84,158,145,142,226,89,338,0,0,0,0,0,0,0,0,0,0,0,0,0,0,0,0,0,0,0,0,0,0,0,0
"ENSG00000120306",1440.06155688031,95.0673650829735,1145.29037472592,3155.53319072961,1440.06155688031,4360.39026314207,2880.09126642141,3473.66055944814,1149.31730344388,-174.736859020085,82.9865789291052,1683.28805144486,3313.38879647348,2924.38748231893,608.903469494171,606.487312263398,1010.79095554619,1797.65282703481,625.816570109587,1640.60260703452,1664.76417934226,2973.51601267799,2544.24541134387,711.187458930256,4195.28618570587,1197.64044805935,2420.21600683082,2818.88194990848,2085.98092324047,2651.3617152415,1360.32836826478,2553.91004026697,2911.50131042147,2917.9443963702,1466.63928641882,2936.46826847279,1877.38601565034,2309.87815995883,2809.21732098538,1967.5908351836,1629.04617282379,3142.76885854753,1730.22043973592,1364.436551669,1356.65391575268,2290.57022571077,1364.436551669,1356.65391575268,1360.54523371084,1562.89376753509,1917.00370172754,1356.65391575268,2232.20045633839,4170.07679950143,1360.54523371084,2819.78946802036,1356.65391575268,1356.65391575268,1469.50213653928,1356.65391575268,1461.71950062297,1508.41531612087,1422.80632104138
"ENSG00000189221",7094.79101644746,2159.40547217987,4778.33081618084,7354.97608632648,7094.79101644746,8836.40482795013,10520.2900770734,10794.2974787897,5636.12846843823,-418.865954652507,463.324047906033,8388.39866075219,10927.6423271027,1767.5017106746,-701.817218145936,-425.370581399482,2242.33946320381,6414.24444304516,-269.259539472072,1317.05630844655,5095.43137009589,10711.3634877658,4882.40484413245,1600.82065028336,11245.5559593611,1597.56833690987,3310.72440639452,2537.48690184782,3676.60966091188,9555.16608349091,2048.82681748129,11101.6410925843,9680.38014837018,8984.38508644382,9862.5096972855,7093.97793810409,1163.38450154926,3738.40361500815,5141.77683566809,6287.00069601898,6735.32175935971,3351.12039928068,2890.34597306937,10240.9434074269,2890.34597306937,4344.27608820912,2896.57265450466,4636.93011566766,2896.57265450466,5994.34666856044,15486.922516657,3989.3552463977,3612.64101956278,8783.89995156947,2899.6859952223,3980.01522424477,2893.45931378701,2896.57265450466,2896.57265450466,2890.34597306937,2890.34597306937,8397.84570258161,3276.40022205722
"ENSG00000197467",130,81,30,160,130,125,133,89,54,19,27,79,141,72,163,32,130,166,76,93,160,105,100,63,175,56,29,87,41,422,81,328,164,307,158,87,64,182,141,0,0,0,0,0,0,0,0,0,0,0,0,0,0,0,0,0,0,0,0,0,0,0,0
"ENSG00000150337",3,2,76,7,3,6,1,6,28,0,20,6,5,8,553,39,139,4,27,28,6,2,4,1,6,27,12,2,2,6,35,2,4,18,4,2,21,5,13,0,0,0,0,0,0,0,0,0,0,0,0,0,0,0,0,0,0,0,0,0,0,0,0
"ENSG00000234571",0,0,0,0,0,0,0,0,0,0,0,0,0,0,0,0,0,0,1,0,0,1,0,0,0,0,0,0,0,0,0,0,0,0,0,0,0,0,5,0,0,0,0,0,0,0,0,0,0,0,0,0,0,0,0,0,0,0,0,0,0,0,0
"ENSG00000010030",13.1611045823437,56.7946003190538,176.382699745593,92.3478190674843,13.1611045823437,119.012733128807,39.8260186436665,64.8748773073335,215.168029289335,-11.8877540813233,86.6916251756885,60.8347388131936,23.6654646671072,22.8574369682793,403.438483116251,37.4019355471826,168.302422757313,10.7370214858598,164.262284263173,162.646228865517,130.325120912399,74.571209693269,35.7858801495267,70.5310711991292,51.138406427258,125.476954719431,182.038893637388,28.513630860075,68.9150158014733,46.2902402342903,166.686367359657,42.2501017401504,12.3530768835157,104.468234549904,16.3932153776555,51.946434126086,205.471696903399,18.0092707753115,51.946434126086,143.134645022663,231.775295989877,72.2221242488917,72.2221242488917,72.2221242488917,72.2221242488917,72.2221242488917,72.2221242488917,72.2221242488917,72.2221242488917,72.2221242488917,72.2221242488917,72.2221242488917,72.2221242488917,72.2221242488917,72.2221242488917,72.2221242488917,72.2221242488917,72.2221242488917,72.2221242488917,72.2221242488917,72.2221242488917,72.2221242488917,72.2221242488917
"ENSG00000198216",-8.1409068074783,-5.90431072102536,52.2471875267509,61.1935718725626,-8.1409068074783,-8.1409068074783,-4.78601267779889,-12.6140989803842,3.04207362478637,-7.02260876425184,7.51526579769224,-15.9689931100636,11.9884579705981,19.8165442731834,419.048945705032,47.773995353845,218.873595967494,-5.90431072102536,75.7314464345067,17.5799481867304,13.1067560138246,-7.02260876425184,5.2786697112393,-8.1409068074783,-14.8506950668371,10.8701599273716,-0.312820504893025,-3.66771463457242,-3.66771463457242,13.1067560138246,38.8276110080333,-5.90431072102536,-8.1409068074783,15.3433521002775,10.8701599273716,0.805477538333442,37.7093129648068,-8.1409068074783,19.8165442731834,25.5185166232197,25.5185166232197,26.2483021542201,25.5185166232197,25.5185166232197,25.5185166232197,25.5185166232197,25.5185166232197,25.5185166232197,594.021445272518,25.5185166232197,25.5185166232197,25.5185166232197,25.5185166232197,25.5185166232197,25.5185166232197,25.5185166232197,25.5185166232197,25.5185166232197,25.5185166232197,25.5185166232197,25.5185166232197,25.5185166232197,25.5185166232197
"ENSG00000168062",150.396601065411,145.321274827897,73.2516422551963,371.680825021028,150.396601065411,359.500042050994,262.053778290722,225.511429380621,781.76718501217,-45.5109917026346,6.25733592000967,98.628273442767,197.089602450541,185.92388472801,554.392569571537,107.763860670292,387.921868981073,117.914513145321,414.313565416147,402.132782446113,424.464217891175,317.882366903378,73.2516422551963,104.718664927784,129.080230867852,113.854252155309,706.652356696961,48.8900763151285,208.255320173072,334.123410863423,571.648678779085,229.571690370632,177.803362747988,198.104667698044,207.24025492557,180.848558490496,1091.36208550053,86.4474904727331,340.21380234844,166.191034955371,176.251255351858,166.191034955371,186.311475748344,166.191034955371,166.191034955371,189.664882547173,192.179937646295,436.140282261101,233.25917093195,186.311475748344,166.191034955371,973.523721773441,166.191034955371,343.083243593598,166.191034955371,255.894666824045,166.191034955371,166.191034955371,357.335222488621,166.191034955371,1369.22572403526,166.191034955371,166.191034955371
"ENSG00000233030",0,3,0,0,0,1,0,0,1,0,0,2,0,1,7,1,6,1,7,1,1,1,0,0,1,5,2,0,2,1,0,1,0,0,1,6,0,0,1,0,0,0,0,0,0,0,0,0,0,0,0,0,0,0,0,0,0,0,0,0,0,0,0
"ENSG00000173369",92.332566144281,-99.8759364193337,884.586940156492,2284.1555743697,92.332566144281,134.32770115818,449.291213762423,1138.17294774042,1025.91672145327,-146.716663934837,1054.99027646289,655.228895080582,408.103677498791,2351.99386939216,5256.92657410359,967.769611434022,1875.51060673446,750.525547612122,638.269321324968,2280.11758061837,693.186036343144,258.697908699343,249.814322446402,14.8030861186213,1645.34496290828,1350.57141906072,584.967803807327,285.348667458163,211.049582433573,1732.56562793715,657.651691331383,674.611265086997,214.279977434642,2607.19507447662,580.122211305724,-24.7692526444757,469.481182519105,924.159278919589,886.202137657026,840.196942712303,840.196942712303,840.196942712303,840.196942712303,840.196942712303,840.196942712303,1358.35149942601,840.196942712303,840.196942712303,840.196942712303,845.039508662899,1169.49142735279,840.196942712303,840.196942712303,840.196942712303,840.196942712303,1067.79754239028,840.196942712303,840.196942712303,840.196942712303,840.196942712303,840.196942712303,840.196942712303,840.196942712303
"ENSG00000120217",38,85,170,84,38,131,104,88,333,43,148,52,105,154,2731,219,1263,63,633,293,172,82,77,40,89,106,310,91,75,148,756,108,37,166,83,50,935,87,131,0,0,0,0,0,0,0,0,0,0,0,0,0,0,0,0,0,0,0,0,0,0,0,0
"ENSG00000149131",90.0670957991772,-68.5085777410176,515.632423769292,367.574524494518,90.0670957991772,34.2419862365576,377.283239201061,253.497126692643,552.849163477705,-61.2270417111108,279.387032576757,200.099195806659,290.713866401056,617.573928187989,4277.75937255453,306.895057578627,930.679977473986,156.409979627218,448.480480382373,1177.44314293194,810.130103201082,43.1416413842215,125.665716389833,56.8956538851569,376.474179642182,675.017156868365,105.43922741787,178.254587716939,139.419728890768,461.425433324429,428.253991410409,243.788411986101,123.238537713198,651.554429660888,383.755715672089,85.2127384459059,556.085401713219,115.957001683291,534.240793623498,351.826778787567,351.826778787567,351.826778787567,351.826778787567,351.826778787567,481.00228967936,351.826778787567,351.826778787567,351.826778787567,351.826778787567,351.826778787567,351.826778787567,351.826778787567,562.813446577496,429.332085322643,2000.96746783946,468.084738590181,351.826778787567,351.826778787567,351.826778787567,351.826778787567,351.826778787567,351.826778787567,351.826778787567
"ENSG00000233029",0,0,0,1,0,0,0,0,0,0,0,0,0,0,0,0,1,0,1,1,0,0,0,0,0,0,0,0,0,0,0,0,0,0,0,0,0,0,0,0,0,0,0,0,0,0,0,0,0,0,0,0,0,0,0,0,0,0,0,0,0,0,0
"ENSG00000074660",131.325976784663,433.295670829847,272.191195990728,189.615033007862,131.325976784663,185.567181881251,221.997842020751,135.373827911274,288.382600497172,126.46855543273,77.8943419133978,108.658010475642,242.237097653806,174.23319872674,1338.39518274007,124.849414982086,892.321988587538,178.281049853351,272.191195990728,196.09159481044,353.95778874827,281.906038694594,64.1316480829202,60.8933671816314,150.755662192396,94.8953166451641,193.662884134473,74.6560610121089,81.9421930400088,332.908962889893,264.905063962828,422.771257900658,122.420704306119,234.950965625906,302.954864552971,204.996867288984,213.902139767529,269.762485314761,156.422653769652,811.974091799033,185.559728238076,177.630432496798,177.630432496798,177.630432496798,177.630432496798,371.898178158108,177.630432496798,177.630432496798,177.630432496798,177.630432496798,296.569868615967,177.630432496798,177.630432496798,177.630432496798,177.630432496798,177.630432496798,177.630432496798,177.630432496798,177.630432496798,177.630432496798,177.630432496798,316.393107969162,395.686065381941
"ENSG00000198019",3,0,47,7,3,5,3,8,13,3,6,2,5,7,320,18,79,1,49,46,6,5,1,0,4,12,8,6,4,11,18,3,1,4,5,1,15,3,5,0,0,0,0,0,0,0,0,0,0,0,0,0,0,0,0,0,0,0,0,0,0,0,0
"ENSG00000173372",62.7767939498566,-73.7587076602315,362.508575590938,2013.86103293425,62.7767939498566,61.1609891970745,411.790620550792,570.139486323438,1079.1179834498,-51.137441121282,124.177374555577,237.283707250324,317.266042513039,2523.64743243701,5443.40662071428,394.82467064658,1160.7161234653,616.189921777729,367.355989849284,1741.59793209047,579.02641246374,150.838152976481,81.3585486068508,-93.9562670700078,851.289513307525,331.000382911686,181.538443279342,170.227810009867,51.4661606803819,1385.31298410201,695.364354664052,484.501834425987,196.888588430772,1755.33227248911,626.692652670812,-61.6401720143656,34.5002107761698,653.353431091717,722.025133084957,615.465104564887,615.465104564887,962.810516135201,615.465104564887,615.465104564887,924.216581516277,1252.26502577713,615.465104564887,615.465104564887,615.465104564887,615.465104564887,615.465104564887,615.465104564887,721.598424766927,615.465104564887,615.465104564887,615.465104564887,615.465104564887,615.465104564887,615.465104564887,615.465104564887,615.465104564887,615.465104564887,615.465104564887
"ENSG00000152766",128.654180939573,-70.8397716452361,103.717436866472,600.843496130231,128.654180939573,429.503932015052,187.376191176231,425.48187651939,363.542221886204,-70.0353605461038,208.290879753671,284.709934171239,253.337901305079,1005.46227899378,431.917165312449,203.464413158877,530.055319406589,86.0203926855616,234.032034925904,579.124396453659,485.812708954313,312.059911541737,703.003705720032,320.10402253306,350.671644300087,436.743631907243,683.697839340857,839.753592572523,669.218439556476,533.272963803118,817.230081796818,143.937991823087,278.27464537818,366.759866282733,190.59383557276,583.14645194932,1073.03281132089,352.280466498352,640.259639987713,360.64257603448,360.64257603448,360.64257603448,360.64257603448,360.64257603448,360.64257603448,360.64257603448,360.64257603448,360.64257603448,360.64257603448,360.64257603448,365.490510646229,360.64257603448,360.64257603448,360.64257603448,360.64257603448,360.64257603448,360.64257603448,360.64257603448,510.928548998678,360.64257603448,360.64257603448,360.64257603448,360.64257603448
"ENSG00000215559",34,40,99,71,34,70,35,93,3,24,13,60,108,136,27,18,25,78,27,39,6,56,86,24,119,59,19,119,5,98,88,212,53,136,150,13,20,26,146,0,0,0,0,0,0,0,0,0,0,0,0,0,0,0,0,0,0,0,0,0,0,0,0
"ENSG00000174358",308.748589881145,2205.18005502024,6253.44659356764,479.415486995613,308.748589881145,272.944345731256,2700.4720990937,276.524770146245,405.420049085844,325.457237151093,246.687900021338,327.844186761085,1282.62403075811,357.681056885992,245.494425216342,244.300950411346,337.391985201056,394.678775840877,250.268324436327,250.268324436327,299.200791441174,381.550552985918,386.324452205903,269.363921316267,302.781215856163,257.429173266305,280.105194561234,303.97469066116,375.583178960937,468.674213750647,263.396547291286,287.266043391212,745.560368509785,610.697715545205,475.835062580625,286.072568586215,247.881374826334,257.429173266305,527.154479195465,7395.54788072334,1898.31980080861,3200.85968992457,1237.65976436205,435.477628737597,112.860900279937,400.600144580013,189.32307708695,338.893826455055,110.1780168832,6028.61879008568,4416.87658949575,560.902427535066,862.056088818828,2860.80421938812,112.190179430753,273.163183234991,109.507296034015,112.860900279937,111.519458581569,110.1780168832,114.87306282749,2363.12934929335,576.99972791549
"ENSG00000135636",-30.1737910883359,-71.0752509700645,721.390534238428,210.12228571682,-30.1737910883359,66.9671761307696,-37.8428148161599,10.7276687933928,320.897072896502,-23.3568811080477,15.8403512786088,-43.8076110489122,91.678474809314,114.685545992786,7171.03948933851,842.390686388542,2865.30872303904,37.9953087145452,863.693530076942,1107.39806187224,785.299065303629,3.91075881310462,23.5093750064329,-52.3287485242722,30.326284986721,116.389773487858,163.256029602339,55.8896974128015,-2.05403741964744,139.396844671331,326.861869129254,73.7840861110577,-55.7372035144164,138.544730923795,132.579934691043,-15.6878573802237,176.037735815379,62.7066073930895,157.291233369587,307.744260345022,307.744260345022,307.744260345022,307.744260345022,307.744260345022,307.744260345022,307.744260345022,307.744260345022,307.744260345022,307.744260345022,318.38813640064,307.744260345022,310.785367789484,307.744260345022,307.744260345022,6434.05520721447,309.264814067253,307.744260345022,309.264814067253,307.744260345022,310.785367789484,307.744260345022,307.744260345022,307.744260345022
"ENSG00000231123",0,0,0,0,0,0,0,0,0,0,0,0,0,0,25,3,9,0,3,1,0,0,0,0,0,0,0,0,0,0,0,0,0,0,0,0,3,0,0,0,0,0,0,0,0,0,0,0,0,0,0,0,0,0,0,0,0,0,0,0,0,0,0
"ENSG00000148926",13.5083640388219,24.8185306918662,22.3949235519281,214.667756653682,13.5083640388219,527.313077705694,415.019280221896,60.3647687442913,785.831172632422,-46.2739454129839,-27.6929573401255,29.6657449717424,177.505780507965,397.246161195684,2721.4854083963,408.556327848728,1224.50406496121,0.58245929248551,1060.50664849207,1259.24243396699,981.33548192076,164.579875761629,254.253339939337,56.3254235110612,222.746447120142,63.5962449308754,819.761672591555,586.287518110854,192.047423347593,298.686137504869,1567.84840978577,57.9411616043532,133.88085198908,351.19762553686,91.8716615634863,68.4434592107515,1381.23066001054,79.7536258637959,98.3346139366545,405.363795663319,410.19390446681,405.363795663319,405.363795663319,405.363795663319,405.363795663319,405.363795663319,405.363795663319,405.363795663319,405.363795663319,405.363795663319,820.753152763568,405.363795663319,405.363795663319,405.363795663319,405.363795663319,405.363795663319,405.363795663319,405.363795663319,405.363795663319,405.363795663319,405.363795663319,405.363795663319,405.363795663319
"ENSG00000197057",2,25,35,35,2,16,17,40,35,7,37,19,22,92,87,46,88,13,75,129,41,12,30,28,23,113,36,43,10,34,139,22,11,31,20,28,40,61,89,0,0,0,0,0,0,0,0,0,0,0,0,0,0,0,0,0,0,0,0,0,0,0,0
"ENSG00000134755",6698.85816608221,2764.41749621851,3551.62858858812,11537.5823471807,6698.85816608221,15136.9536802923,17071.4744775411,10262.7040755381,7318.13089207963,-299.650294081669,806.482215196656,6821.58235689265,16321.4036008115,9827.5176357563,-222.947674825141,667.610104542735,3566.96911243942,8073.04614476229,1651.01842301062,5553.97064917954,5997.23104888304,10714.0384351633,15692.4421229079,6156.28805934131,15466.3712450992,4446.22334791686,9093.59467887017,20650.6609108482,10454.0569256833,11876.6886638938,4388.89823247251,8829.57618942929,10327.295754912,11272.7564617477,9285.75492500757,16153.4652344393,6991.13551524918,10567.0923645876,15777.2187020862,10104.2135075252,6702.43229470394,9199.32468601313,5805.05292399282,8489.68158532526,18736.3272031941,9653.64645946939,5369.50477753889,5361.99532673795,10231.874171141,16967.8515395751,9619.85393086521,6439.6015166714,5365.75005213842,5493.41071575423,5853.86435419886,6240.60107044675,5365.75005213842,5361.99532673795,6912.69691712998,5384.52367914075,6477.14877067605,7175.52769516253,6221.82744344443
"ENSG00000234426",0,0,1,0,0,0,0,0,0,0,0,0,2,1,0,3,19,0,3,4,0,0,0,0,0,0,0,0,0,1,0,0,0,0,4,0,0,0,0,0,0,0,0,0,0,0,0,0,0,0,0,0,0,0,0,0,0,0,0,0,0,0,0
"ENSG00000198574",4.35878598400831,2.42354896828463,15.9702080783504,19.8406821097978,4.35878598400831,8.22926001545568,15.0025895704886,32.4197227120018,15.0025895704886,-7.2526361103338,2.42354896828463,31.4521042041399,13.0673525547649,61.448277947857,21.7759191255215,-2.41454357102458,19.8406821097978,11.1321155390412,1.45593046042278,19.8406821097978,5.32640449187015,11.1321155390412,16.9378265862123,2.42354896828463,50.8044743613768,4.35878598400831,39.1930522670346,28.5492486805544,9.19687852331752,10.1644970311794,29.5168671884162,30.4844856962781,-1.44692506316274,38.2254337591728,6.294022999732,39.1930522670346,18.873063601936,50.8044743613768,84.6711221365412,13.660954601028,13.660954601028,13.660954601028,86.3413914896675,13.660954601028,13.660954601028,101.981485503679,13.660954601028,13.660954601028,13.660954601028,13.660954601028,13.660954601028,13.660954601028,13.660954601028,13.660954601028,13.660954601028,13.660954601028,13.660954601028,13.660954601028,13.660954601028,13.660954601028,13.660954601028,13.660954601028,13.660954601028
"ENSG00000152229",159,37,240,109,159,109,215,209,140,22,144,202,174,250,1858,215,1005,181,196,377,114,152,129,136,328,231,159,143,156,233,272,186,153,486,232,196,244,177,193,0,0,0,0,0,0,0,0,0,0,0,0,0,0,0,0,0,0,0,0,0,0,0,0
"ENSG00000249437",402,115,662,749,402,401,391,446,443,79,323,491,608,1189,2360,452,1781,504,447,538,430,337,170,287,675,497,350,183,200,1130,684,732,349,1382,681,397,437,445,949,0,0,0,0,0,0,0,0,0,0,0,0,0,0,0,0,0,0,0,0,0,0,0,0
"ENSG00000078114",221.000420792599,-69.3632765049689,107.274639351052,648.480308480685,221.000420792599,516.203513045126,675.096980732962,338.759031363279,358.923177008944,-80.6551980665411,201.642840972761,243.584263915743,1013.85462758012,929.165215868334,-63.7173157241828,411.349955687671,384.733283435394,76.6251379696416,400.058034126099,969.493507159663,1056.60261634893,148.409496468207,1385.68147328618,602.50605640857,379.087322654608,831.570750943318,271.814067819673,2216.44427388755,579.922213285426,807.373776168521,1174.36122691961,220.193854966772,558.144935988109,597.666661453611,497.652499051115,356.503479531464,888.030358751179,337.952465537453,922.712689261722,473.927548828592,473.927548828592,473.927548828592,747.193404399626,473.927548828592,473.927548828592,708.84030186334,473.927548828592,473.927548828592,473.927548828592,473.927548828592,473.927548828592,473.927548828592,473.927548828592,473.927548828592,473.927548828592,473.927548828592,473.927548828592,473.927548828592,473.927548828592,473.927548828592,732.810990948519,473.927548828592,473.927548828592
"ENSG00000236138",5,0,0,1,5,0,0,1,0,0,0,5,0,0,0,0,4,0,3,1,0,0,1,0,1,0,0,0,0,3,3,0,7,0,2,0,1,2,0,0,0,0,0,0,0,0,0,0,0,0,0,0,0,0,0,0,0,0,0,0,0,0,0
"ENSG00000165949",4644.06014707538,3320.03729918839,2845.78461651005,4416.64546476716,4644.06014707538,21921.1015631459,8231.70885409433,11045.6620583138,8770.70593031238,-512.02149344295,576.493622943354,9864.88618113341,10678.237624976,3234.25097774828,697.080055911057,1660.15290981418,3442.24234199459,2323.78294359617,2002.48889065538,5313.35531529209,6304.75384136883,8897.76680263405,6354.93074636211,2114.17296951137,13195.175923832,3946.43930668505,8282.69506400685,5294.74130214942,4104.25376593808,5774.65911926249,2778.6123082126,3586.29861762043,7202.27299681301,10134.3847192424,8980.31590439718,3260.95804008341,5355.4391710929,5998.02727697448,2868.44515424894,3861.27578147629,7252.56738386436,3629.9665632716,6241.52225267936,4364.93295014779,3719.50561547987,7398.06834370279,3633.69735711361,15523.7373316029,3536.69671722133,10591.6278724643,4129.89293810109,3704.58244011183,3879.92975068635,5286.43902912452,3536.69671722133,4588.78058066845,4391.04850704187,3536.69671722133,4122.43135041707,3532.96592337932,5704.28793942976,3536.69671722133,7129.451187078
"ENSG00000154451",-185.663594839223,-147.730574638937,1683.54650694506,-134.01012052394,-185.663594839223,-18.5968888507314,-129.974692843059,54.0408094051345,457.583577493278,-196.962792345691,476.146544825333,25.7928156389645,-58.9511656595457,183.17449519334,9433.18182530977,326.028635096543,4021.67330524776,-141.273890349527,723.921804431453,530.221275749144,27.406986711317,-75.8999619192477,-98.4983569321838,-122.710923017473,29.8282433198458,717.465120142042,329.256977241248,-95.2700147874787,-129.167607306883,-4.87643473573451,963.62620867581,-58.1440801233693,-188.891936983928,62.1116647668973,-38.7740272551385,-86.3920738895396,702.937580490869,-21.8252309954365,134.749363022763,585.465337599784,585.465337599784,585.465337599784,585.465337599784,585.465337599784,585.465337599784,653.765855398756,585.465337599784,585.465337599784,585.465337599784,585.465337599784,585.465337599784,585.465337599784,585.465337599784,585.465337599784,585.465337599784,585.465337599784,585.465337599784,585.465337599784,585.465337599784,585.465337599784,585.465337599784,585.465337599784,585.465337599784
"ENSG00000117228",-96.6784136763295,-108.793465111737,1735.11736335729,146.430285127515,-96.6784136763295,695.645950199324,93.1240588117221,425.076468141889,1838.4991356061,-263.05845338926,1470.20157196971,478.382694457682,39.010162400235,260.311768620346,12061.9872068987,1135.01848225677,6452.71839230499,-16.7190742026396,1493.62400474483,1658.38870426638,560.765044218453,181.967769338044,228.004964792593,219.12059373996,319.271685605996,1432.2410774721,2225.37311144345,114.931151395456,440.422199960072,178.737088955269,2115.52997842909,83.432017663396,-181.483773724182,425.076468141889,19.6260801035828,84.2396877590897,3697.75569589331,135.930573883495,228.812634888287,1077.88915605109,2150.46159139427,1077.88915605109,1077.88915605109,1077.88915605109,1077.88915605109,1174.95453481518,1077.88915605109,1077.88915605109,1077.88915605109,1077.88915605109,1082.74242498929,1077.88915605109,1077.88915605109,1077.88915605109,1077.88915605109,1077.88915605109,1077.88915605109,1077.88915605109,1543.80297411872,1077.88915605109,1077.88915605109,1077.88915605109,1077.88915605109
"ENSG00000225492",-1.79687404474383,-5.83671543897413,56.3768420321725,-0.180937487051711,-1.79687404474383,12.7465549744852,0.627030791794347,9.514681859101,32.1377936667907,-4.22077888128201,26.4820157148683,3.85890390717859,16.7863963687155,10.3226501379471,242.209546166766,23.250142599484,98.3911925321676,3.85890390717859,45.0652861283276,42.6413812917894,24.8660791571761,1.43499907064041,7.89874530140889,3.05093562833252,16.7863963687155,66.8804296571712,42.6413812917894,0.627030791794347,9.514681859101,10.3226501379471,20.8262377629458,-0.180937487051711,1.43499907064041,15.9784280898695,11.9385866956392,10.3226501379471,95.9672876956294,25.6740474360222,6.28280874371676,23.7780631503909,23.7780631503909,23.7780631503909,23.7780631503909,28.5423716376006,23.7780631503909,23.7780631503909,23.7780631503909,23.7780631503909,23.7780631503909,23.7780631503909,23.7780631503909,23.7780631503909,23.7780631503909,23.7780631503909,23.7780631503909,71.4211480224875,23.7780631503909,23.7780631503909,23.7780631503909,23.7780631503909,23.7780631503909,23.7780631503909,23.7780631503909
"ENSG00000181143",4,7,4,1,4,2,1,4,47,0,11,8,8,1,24,2,28,1,25,283,21,2,0,15,9,28,1,6,5,5,88,4,3,15,7,9,11,1,14,0,0,0,0,0,0,0,0,0,0,0,0,0,0,0,0,0,0,0,0,0,0,0,0
"ENSG00000211821",0,2,0,1,0,0,0,1,1,0,0,4,3,7,0,0,10,3,3,0,0,3,0,3,11,1,3,2,1,3,0,11,5,1,0,0,0,1,2,0,0,0,0,0,0,0,0,0,0,0,0,0,0,0,0,0,0,0,0,0,0,0,0
"ENSG00000237541",28,58,13,225,28,47,64,92,24,40,164,45,36,586,973,46,184,34,199,66,138,50,18,49,178,1,20,43,19,265,94,101,66,8,181,74,101,163,146,0,0,0,0,0,0,0,0,0,0,0,0,0,0,0,0,0,0,0,0,0,0,0,0
"ENSG00000156395",2,0,1,1,2,0,4,3,4,5,0,2,2,18,0,0,6,3,4,7,10,2,9,0,5,5,4,8,2,3,13,8,3,4,10,9,0,1,4,0,0,0,0,0,0,0,0,0,0,0,0,0,0,0,0,0,0,0,0,0,0,0,0
"ENSG00000124102",-167.210330758194,20.9325792931375,-167.210330758194,15.0001451924197,-167.210330758194,418.405664041221,35.3399192520232,-166.362840172377,789.606540628983,-195.177520090149,-117.208386195002,-142.633103769507,254.839980978577,232.80522574734,-94.3261403779485,2524.41976979599,1332.84800613756,-194.330029504332,3324.45088280706,1949.82115261219,1748.11839318779,-138.395650840422,39.5773721811072,56.5271838974435,-192.635048332698,2114.23432626065,320.944246672288,130.258864863506,347.216454832609,164.158488296178,6647.46146979476,-189.245085989431,-109.580970922651,-80.7662910048796,-140.090632012056,-179.075198959629,2595.6089790046,-170.600293101461,53.984712139993,368.617412820105,368.617412820105,368.617412820105,368.617412820105,368.617412820105,477.051454127907,673.189499434666,368.617412820105,418.050578710427,7140.96113979413,368.617412820105,674.784117689192,368.617412820105,430.807524746638,368.617412820105,370.212031074632,610.999387508132,370.212031074632,368.617412820105,427.618288237585,368.617412820105,701.892628016143,368.617412820105,368.617412820105
"ENSG00000239839",0,0,10,0,0,0,0,0,0,0,1,0,0,0,24,4,1,0,5,2,4,0,2,0,0,1,0,1,0,0,0,0,0,0,0,0,1,0,0,0,0,0,0,0,0,0,0,0,0,0,0,0,0,0,0,0,0,0,0,0,0,0,0
"ENSG00000140287",78.3710057986408,-12.5365617964892,128.694837860231,45.9040173718086,78.3710057986408,45.9040173718086,28.047173737051,26.4238243157094,111.649668936144,-9.28986295380598,41.8456438184546,33.7288967117466,15.0603783663181,325.931792553236,189.570441160541,1.26190828491447,103.532921829436,45.0923426611378,135.188235545597,33.7288967117466,34.5405714224174,51.5857403465043,31.2938725797342,37.7872702651006,36.163920843759,44.280667950467,39.4106196864422,51.5857403465043,32.9172220010758,170.090248104442,173.336946947125,109.214644804131,42.6573185291254,194.440489424566,109.214644804131,4.50860712759768,52.3974150571751,92.1694758800444,276.419635202317,62.0846161313979,62.0846161313979,62.0846161313979,62.0846161313979,62.0846161313979,62.0846161313979,62.0846161313979,62.0846161313979,62.0846161313979,62.0846161313979,62.0846161313979,62.0846161313979,62.0846161313979,62.0846161313979,62.0846161313979,62.0846161313979,62.0846161313979,62.0846161313979,62.0846161313979,62.0846161313979,62.0846161313979,62.0846161313979,330.206752687951,62.0846161313979
"ENSG00000134765",11,3,2,4,11,3,16,6,5,0,3,4,2,3,5,3,3,5,3,2,1,14,1,2,5,2,6,8,0,12,1,12,6,5,9,4,4,25,7,0,0,0,0,0,0,0,0,0,0,0,0,0,0,0,0,0,0,0,0,0,0,0,0
"ENSG00000143365",329.327065508138,62.3291698415459,256.117965083428,610.966781259673,329.327065508138,480.051684029602,488.664519373685,346.552736196306,454.213177997351,7.20702363941064,58.8840357039124,207.024803622151,558.428485660763,325.020647836097,76.1097063920797,28.7391119996197,248.366413273752,307.794977147929,77.8322734608964,233.72459318881,393.923330588766,425.790821361875,237.169727326444,161.376776298508,429.235955499508,207.886087156559,220.805340172685,605.799080053223,215.637638966234,547.231799713454,449.045476790901,501.583772389811,496.416071183361,482.635534632827,681.592031081159,360.333272746839,100.225645355514,327.604498439322,298.320858269437,212.263000122702,381.245661491105,212.263000122702,212.263000122702,212.263000122702,1037.7848540208,302.294745933736,212.263000122702,212.263000122702,212.263000122702,244.120387101991,493.439067809471,557.153841768049,212.263000122702,213.64810390441,213.64810390441,235.809764411742,212.263000122702,212.263000122702,212.263000122702,212.263000122702,212.263000122702,212.263000122702,274.592670299572
"ENSG00000255221",0,0,4,1,0,4,1,1,4,0,3,1,0,1,17,6,19,1,11,4,2,1,0,1,3,5,2,3,0,0,6,0,0,1,0,2,3,0,2,0,0,0,0,0,0,0,0,0,0,0,0,0,0,0,0,0,0,0,0,0,0,0,0
"ENSG00000174944",161,18,149,300,161,114,156,373,170,31,104,105,176,690,637,169,441,145,148,359,144,37,258,86,167,142,126,245,121,277,190,192,107,332,244,127,159,319,282,0,0,0,0,0,0,0,0,0,0,0,0,0,0,0,0,0,0,0,0,0,0,0,0
"ENSG00000133106",207.872750496176,547.602184022862,1128.95302850647,150.305233120533,207.872750496176,532.196792049098,327.872645870757,316.521304416405,965.980197626131,84.629614706066,603.548081190741,656.250737943091,456.791452388044,421.115807817223,1595.1688382388,279.224039637819,829.764100173904,204.629510080647,480.304945400631,567.87243661992,401.656365324047,342.467227740639,305.980773065935,138.95389166618,463.277933219102,667.602079397443,575.16972755486,267.061888079585,163.27819478265,369.223961168755,553.277854750038,331.926696390169,263.818647664055,978.142349184366,580.034588178154,280.845659845584,940.034274301898,396.791504700753,309.224013481464,513.967841509518,348.372273011872,348.372273011872,383.402104809451,348.372273011872,1208.19541713426,348.372273011872,351.556803175289,348.372273011872,348.372273011872,348.372273011872,348.372273011872,348.372273011872,348.372273011872,351.556803175289,348.372273011872,348.372273011872,348.372273011872,348.372273011872,542.628612980264,351.556803175289,1227.30259811476,348.372273011872,348.372273011872
"ENSG00000229391",185.402483173594,51.5079196199922,475.011465082126,295.493568762111,185.402483173594,26.7126300730288,25.7208184911503,608.906028635728,255.82110548697,-41.7223690765899,244.911178086306,169.533497863538,151.680889389724,710.070809987338,636.676752928327,282.60001819769,1185.14855770716,270.698279215148,322.272481472832,127.877411424639,233.009439103764,220.115888539343,132.836469334032,28.6962532367859,135.811904079667,29.6880648186645,160.607193626631,161.599005208509,112.008426114583,544.438275813623,605.930593890092,206.230526393043,106.057556623311,539.47921790423,175.484367354809,241.935743340671,826.112765067126,356.98588683858,561.299072705558,182.42362198112,189.415253062277,259.331563873845,180.675714210831,180.675714210831,180.675714210831,198.154791913723,180.675714210831,180.675714210831,181.549668095976,181.549668095976,935.771870975761,180.675714210831,1491.60654192772,751.367601210252,180.675714210831,180.675714210831,180.675714210831,451.601418605655,257.583656103555,180.675714210831,287.298088198472,180.675714210831,180.675714210831
"ENSG00000211892",-2525.75141110675,-2985.38997843832,-2068.53199412955,-2383.02154019852,-2525.75141110675,-2924.10483612745,-2476.56202056776,-2976.51976047228,-2841.04734062718,-2879.75374629721,-1482.29122491893,-2766.86006309296,-2784.60049902506,-2233.03421822717,124553.023087753,347.392826441328,-2863.62607726803,-2878.14097939429,52185.753003477,10652.9733360861,-121.922342307755,-2825.72605504946,-2970.87507631206,-2891.84949806909,-2397.53644232478,-2223.35761680966,-2749.92601061232,-2904.75163329244,-2667.67489856352,-1867.74251471628,10953.7543634803,-2897.4941822293,-2578.97271890304,-842.829147912015,-2231.42145132425,-2719.28343945689,1569.87013885303,-2756.37707822399,-2427.37263002876,5039.47217305638,5039.47217305638,5039.47217305638,5039.47217305638,5044.3505517067,5039.47217305638,5039.47217305638,5039.47217305638,5039.47217305638,5039.47217305638,5039.47217305638,5039.47217305638,5039.47217305638,5283.39110557212,5039.47217305638,5039.47217305638,5205.33704716709,5039.47217305638,5039.47217305638,5078.4992022589,5039.47217305638,5039.47217305638,5039.47217305638,5039.47217305638
"ENSG00000183347",8,7,18,14,8,13,10,7,8,0,9,9,14,14,28,10,30,11,6,17,14,16,15,5,14,17,5,15,6,12,15,18,3,14,16,12,9,14,13,0,0,0,0,0,0,0,0,0,0,0,0,0,0,0,0,0,0,0,0,0,0,0,0
"ENSG00000162594",72,84,60,93,72,151,124,97,104,7,54,57,215,187,60,37,82,93,33,58,93,138,111,66,87,80,122,122,95,145,113,127,132,127,141,127,72,111,177,0,0,0,0,0,0,0,0,0,0,0,0,0,0,0,0,0,0,0,0,0,0,0,0
"ENSG00000134545",26,5,42,88,26,32,28,51,70,1,15,33,44,79,75,18,60,24,13,17,37,43,35,59,152,60,23,64,44,49,29,36,32,71,69,25,50,37,52,0,0,0,0,0,0,0,0,0,0,0,0,0,0,0,0,0,0,0,0,0,0,0,0
"ENSG00000176834",1330.20659619369,1275.52703023627,1163.71955954723,2213.24078075968,1330.20659619369,2170.80290867333,2918.3623477329,1499.14197161435,1013.55478139553,217.84467977645,30.9548200115587,957.242989588642,3084.84938437935,745.053629156887,-82.4848765269567,-84.9332153011692,422.689023885567,1667.26123411028,67.6799016247469,608.762770725722,1112.30444528877,1919.44012785418,1731.73415516455,593.256625155709,2559.27266084839,312.513779046002,727.099144812662,1268.18201391364,1073.13102490137,2541.31817650417,519.806461929332,2520.91535338573,2283.42649228711,2085.11105157589,1388.15061385005,1755.40142998194,312.513779046002,1440.38184103325,2141.42284338278,1984.86302684838,2214.06315991908,801.111751342055,1232.54729594573,806.504695649601,801.111751342055,1178.61785287027,801.111751342055,801.111751342055,801.111751342055,1119.29546548726,4042.27128017714,882.005915955243,801.111751342055,2281.4749637634,803.808223495828,1326.92382132778,801.111751342055,801.111751342055,895.488276724108,801.111751342055,803.808223495828,938.631831184475,846.951777956195
"ENSG00000234998",0,0,0,0,0,2,2,0,0,1,2,0,0,5,5,2,1,2,2,2,1,3,2,0,1,0,1,0,2,2,4,2,0,1,1,1,3,2,2,0,0,0,0,0,0,0,0,0,0,0,0,0,0,0,0,0,0,0,0,0,0,0,0
